order_id,order_date,customer_id,customer_name,customer_email,product_sku,product_name,category,unit_price,quantity,gross_amount,discount_amount,refund_amount,shipping_amount,tax_amount,net_amount,cost_per_item,payment_gateway,payment_status,fulfillment_status,rating,review_text
#1001,2024-01-05 10:20:00,CUST-001,Ali Khan,ali.khan@gmail.com,SKU-A101,Wireless Noise-Cancelling Headphones,Electronics,120.00,1,120.00,0.00,0.00,5.00,12.00,137.00,60.00,Shopify Payments,paid,fulfilled,5,Excellent sound quality and fast delivery!
#1002,2024-01-06 14:15:00,CUST-002,Sara Ahmed,sara.ahmed@yahoo.com,SKU-B202,Organic Cotton Hoodie - Black/M,Apparel,45.00,2,90.00,10.00,0.00,5.00,8.00,93.00,20.00,Stripe,paid,fulfilled,4,Very comfortable and fits well.
#1003,2024-01-08 09:30:00,CUST-003,Usman Tariq,usman.t@hotmail.com,SKU-C303,Hydrating Face Serum 50ml,Beauty & Care,28.00,1,28.00,0.00,0.00,0.00,2.80,30.80,10.00,Cash on Delivery,paid,fulfilled,5,Great product for dry skin.
#1004,2024-01-10 16:45:00,CUST-004,Fatima Noor,fatima.n@gmail.com,SKU-D404,Ergonomic Mechanical Keyboard,Electronics,85.00,1,85.00,5.00,0.00,5.00,8.50,93.50,45.00,Shopify Payments,paid,fulfilled,5,Switches feel amazing for typing.
#1005,2024-01-12 11:10:00,CUST-005,Bilal Sheikh,bilal.s@gmail.com,SKU-A101,Wireless Noise-Cancelling Headphones,Electronics,120.00,1,120.00,0.00,120.00,5.00,0.00,5.00,60.00,Shopify Payments,refunded,cancelled,1,Ear cup broke on day 2. Requested refund.
#1006,2024-01-15 13:20:00,CUST-006,Zainab Bibi,zainab.b@outlook.com,SKU-E505,Ceramic Minimalist Coffee Mug Set,Home & Kitchen,35.00,2,70.00,0.00,0.00,5.00,7.00,82.00,15.00,PayPal,paid,fulfilled,4,Look beautiful on my kitchen shelf.
#1007,2024-01-18 17:05:00,CUST-001,Ali Khan,ali.khan@gmail.com,SKU-B202,Organic Cotton Hoodie - Navy/L,Apparel,45.00,1,45.00,5.00,0.00,5.00,4.00,49.00,20.00,Shopify Payments,paid,fulfilled,5,Came back to order another color. Great quality.
#1008,2024-01-20 18:30:00,CUST-007,Hamza Javed,hamza.j@gmail.com,SKU-F606,Stainless Steel Water Bottle 1L,Fitness,22.00,2,44.00,0.00,0.00,0.00,4.40,48.40,8.00,Cash on Delivery,paid,fulfilled,4,Keeps water cold all day.
#1009,2024-01-22 12:40:00,CUST-008,Ayesha Malik,ayesha.m@gmail.com,SKU-C303,Hydrating Face Serum 50ml,Beauty & Care,28.00,3,84.00,15.00,0.00,0.00,6.90,75.90,10.00,Stripe,paid,fulfilled,5,Stocked up for the season!
#1010,2024-01-25 15:55:00,CUST-009,Omer Farooq,omer.f@gmail.com,SKU-D404,Ergonomic Mechanical Keyboard,Electronics,85.00,1,85.00,0.00,0.00,5.00,8.50,98.50,45.00,Shopify Payments,paid,fulfilled,4,Nice RGB backlighting.
#1011,2024-01-28 10:15:00,CUST-010,Maryam Raza,maryam.r@gmail.com,SKU-G707,Scented Soy Candle - Lavender,Home & Kitchen,18.00,2,36.00,0.00,0.00,5.00,3.60,44.60,6.00,PayPal,paid,fulfilled,5,Smells heavenly.
#1012,2024-02-01 11:30:00,CUST-002,Sara Ahmed,sara.ahmed@yahoo.com,SKU-G707,Scented Soy Candle - Vanilla,Home & Kitchen,18.00,1,18.00,0.00,0.00,5.00,1.80,24.80,6.00,Stripe,paid,fulfilled,5,Second purchase, love the packaging!
#1013,2024-02-03 14:00:00,CUST-011,Danish Iqbal,danish.i@gmail.com,SKU-A101,Wireless Noise-Cancelling Headphones,Electronics,120.00,1,120.00,10.00,0.00,5.00,11.00,126.00,60.00,Shopify Payments,paid,fulfilled,4,Good active noise cancellation.
#1014,2024-02-05 16:20:00,CUST-012,Khadija Rehman,khadija.r@gmail.com,SKU-B202,Organic Cotton Hoodie - Grey/S,Apparel,45.00,1,45.00,0.00,0.00,5.00,4.50,54.50,20.00,Cash on Delivery,paid,fulfilled,4,Soft fabric.
#1015,2024-02-08 09:10:00,CUST-013,Noman Baig,noman.b@gmail.com,SKU-H808,Leather Minimalist Cardholder Wallet,Accessories,30.00,1,30.00,0.00,0.00,5.00,3.00,38.00,10.00,Stripe,paid,fulfilled,5,Genuine leather, slim profile.
#1016,2024-02-10 17:40:00,CUST-014,Sana Mir,sana.m@gmail.com,SKU-E505,Ceramic Minimalist Coffee Mug Set,Home & Kitchen,35.00,1,35.00,0.00,35.00,5.00,0.00,5.00,15.00,PayPal,refunded,cancelled,1,One mug arrived chipped. Refund received quickly.
#1017,2024-02-12 13:15:00,CUST-001,Ali Khan,ali.khan@gmail.com,SKU-H808,Leather Minimalist Cardholder Wallet,Accessories,30.00,2,60.00,5.00,0.00,0.00,5.50,60.50,10.00,Shopify Payments,paid,fulfilled,5,Bought for gifts. Very satisfied.
#1018,2024-02-15 15:00:00,CUST-015,Tariq Mahmood,tariq.m@gmail.com,SKU-F606,Stainless Steel Water Bottle 1L,Fitness,22.00,1,22.00,0.00,0.00,5.00,2.20,29.20,8.00,Cash on Delivery,paid,fulfilled,4,Solid build quality.
#1019,2024-02-18 10:45:00,CUST-016,Rabia Sohail,rabia.s@gmail.com,SKU-C303,Hydrating Face Serum 50ml,Beauty & Care,28.00,2,56.00,5.00,0.00,0.00,5.10,56.10,10.00,Stripe,paid,fulfilled,5,Super lightweight serum.
#1020,2024-02-20 18:10:00,CUST-017,Waqas Butt,waqas.b@gmail.com,SKU-D404,Ergonomic Mechanical Keyboard,Electronics,85.00,1,85.00,10.00,0.00,5.00,7.50,87.50,45.00,Shopify Payments,paid,fulfilled,4,Typing feel is great.
#1021,2024-02-23 12:00:00,CUST-008,Ayesha Malik,ayesha.m@gmail.com,SKU-G707,Scented Soy Candle - Rose,Home & Kitchen,18.00,2,36.00,0.00,0.00,5.00,3.60,44.60,6.00,Stripe,paid,fulfilled,5,Lovely fragrance.
#1022,2024-02-25 14:30:00,CUST-018,Imran Ashraf,imran.a@gmail.com,SKU-A101,Wireless Noise-Cancelling Headphones,Electronics,120.00,1,120.00,0.00,0.00,5.00,12.00,137.00,60.00,Shopify Payments,paid,fulfilled,5,Best headphones in this price range.
#1023,2024-02-28 16:50:00,CUST-019,Hira Mani,hira.m@gmail.com,SKU-B202,Organic Cotton Hoodie - Olive/M,Apparel,45.00,2,90.00,15.00,0.00,0.00,7.50,82.50,20.00,PayPal,paid,fulfilled,4,Love the olive color.
#1024,2024-03-02 11:25:00,CUST-020,Shahid Afridi,shahid.a@gmail.com,SKU-F606,Stainless Steel Water Bottle 1L,Fitness,22.00,3,66.00,0.00,0.00,0.00,6.60,72.60,8.00,Cash on Delivery,paid,fulfilled,5,Durable and leakproof.
#1025,2024-03-05 13:40:00,CUST-003,Usman Tariq,usman.t@hotmail.com,SKU-H808,Leather Minimalist Cardholder Wallet,Accessories,30.00,1,30.00,0.00,0.00,5.00,3.00,38.00,10.00,Cash on Delivery,paid,fulfilled,5,Repeated customer here, always good.
